"time_s","joint_state","observability","p1_movement_intensity","p1_active_persistence","p1_spatial_range","p1_initiative_rate","p1_response_availability","p1_linked_participation","p2_movement_intensity","p2_active_persistence","p2_spatial_range","p2_initiative_rate","p2_response_availability","p2_linked_participation","activation_match","response_reciprocity","mutual_activity","distance_from_start","distance_trend","effective_opportunity","target_matched_exposure","response_conversion","support_cost","joint_trainability","mutual_workable_zone","reciprocity","co_regulation","role_fluidity","tempo_coordination","relation_drift","morphology_overlap_proxy","stage_key","session_id","stage_id","participant_1","participant_2","state_id","posterior_confidence","posterior_entropy","p1_to_p2_predictive_support_live","p2_to_p1_predictive_support_live","directional_support_symmetry_live","mutual_comfort_state","distance_to_dual_mic_anchor_s","dual_mic_anchor_support_500ms"
"0.0","1.0","1.0","0.3994","0.0","0.0","","","","0.4329","1.0","0.0","","","0.0","0.0","","0.0","0.3694","","0.0","","","0.2165","0.0","0.0","","","","0.0","0.1066","0.0","G01-S1-P01-P02-A","G01-S1-P01-P02","A","P01","P02","low_engagement_reset","1.0","0.0","","","","0.06","16.9","0.0"
"1.001","11.0","1.0","0.4479","0.5","0.0398","1.0","","1.0","0.4426","1.0","0.0091","0.0","","0.5","0.5","","0.5","0.2668","","0.5","","","0.1457","0.5","0.6536","","","","0.5","0.077","0.625","G01-S1-P01-P02-A","G01-S1-P01-P02","A","P01","P02","high_load_misalignment","0.9992","0.0032","","","","0.47225599999999995","15.899","0.0"
"2.002","10.0","1.0","0.4581","0.6667","0.111","1.0","","0.5","0.396","0.6667","0.0208","0.0","","0.5","1.0","","0.3333","0.1569","","0.3333","","","0.1849","0.6666","0.7372","","","0.0","0.6666","0.0453","0.5833","G01-S1-P01-P02-A","G01-S1-P01-P02","A","P01","P02","mixed_transition_2","1.0","0.0002","","","","0.7143200000000001","14.898","0.0"
"3.003","11.0","1.0","0.4349","0.75","0.1655","1.0","","0.6667","0.4141","0.75","0.0419","1.0","1.0","0.6667","1.0","","0.5","0.1533","","0.5","","1.0","0.1761","0.8333","0.8286","","","0.0","0.75","0.0443","0.7084","G01-S1-P01-P02-A","G01-S1-P01-P02","A","P01","P02","mutual_flow","0.9999","0.0007","","","","0.8651432000000001","13.896999999999998","0.0"
"4.004","11.0","1.0","0.461","0.8","0.1932","0.875","","0.75","0.4225","0.8","0.0419","0.8333","1.0","0.75","1.0","","0.6","0.1506","","0.6","","1.0","0.1748","0.8667","0.8457","","0.3049","0.0","0.635","0.0435","0.775","G01-S1-P01-P02-A","G01-S1-P01-P02","A","P01","P02","mutual_flow","0.8418","0.2571","","","","0.8488424","12.895999999999999","0.0"
"5.005","11.0","1.0","0.5542","0.8333","0.1932","0.7","0.0","0.8","0.4396","0.8333","0.0825","0.6667","1.0","0.8","1.0","0.0","0.6667","0.1286","-0.1982","0.6667","","0.5","0.1904","0.5417","0.6622","0.0","0.6109","0.0","0.7592","0.0371","0.6533","G01-S1-P01-P02-A","G01-S1-P01-P02","A","P01","P02","p2_activation_lead","0.995","0.017","","","","0.5734400000000001","11.895","0.0"
"6.006","11.0","1.0","0.5554","0.8571","0.5042","0.5833","0.0","0.8333","0.789","0.8571","0.1288","0.5556","1.0","0.8333","1.0","0.0","0.7143","0.1399","-0.1723","0.7143","","0.5","0.2884","0.5536","0.6276","0.0","0.9371","0.0","0.8838","0.0404","0.6762","G01-S1-P01-P02-A","G01-S1-P01-P02","A","P01","P02","p2_activation_lead","0.9188","0.1448","","","","0.5545088","10.893999999999998","0.0"
"7.007","","1.0","0.5388","0.875","0.5379","0.5","0.0","0.7143","0.789","0.8571","0.1288","0.5556","1.0","0.8333","0.9821","0.0","0.625","0.1327","-0.1234","0.625","","0.5","0.3069","0.5268","0.6042","0.0","0.9614","0.0","0.8562","0.0383","0.6309","G01-S1-P01-P02-A","G01-S1-P01-P02","A","P01","P02","p2_activation_lead","0.9985","0.0059","","","","0.5385559999999999","9.892999999999999","0.0"
"8.008","","0.8889","0.5418","0.8889","0.5615","0.4375","0.0","0.625","0.789","0.8571","0.1288","0.5556","1.0","0.8333","0.9683","0.0","0.625","0.1327","-0.0997","0.5556","","0.5","0.3235","0.4652","0.561","0.0","0.966","1.0","0.8531","0.0383","0.6103","G01-S1-P01-P02-A","G01-S1-P01-P02","A","P01","P02","p2_activation_lead","0.9997","0.0014","","","","0.5126072","8.892","0.0"
"9.009","","0.9","0.5168","0.8","0.5877","0.3889","0.0","0.625","0.789","0.8571","0.1288","0.5556","1.0","0.8333","0.9429","0.0","0.5556","0.1237","-0.0879","0.5","","0.5","0.3237","0.4497","0.5515","0.0","0.9697","1.0","0.8227","0.0357","0.5914","G01-S1-P01-P02-A","G01-S1-P01-P02","A","P01","P02","p2_activation_lead","0.9999","0.0004","","","","0.5069024","7.890999999999998","0.0"
"10.01","1.0","0.9091","0.4833","0.7273","0.5877","0.35","0.0","0.625","0.7203","0.875","1.0","0.4762","1.0","0.7143","0.8523","0.0","0.5","0.1626","-0.0329","0.4546","","0.5","0.4606","0.421","0.4765","0.0","0.9698","0.9091","0.774","0.0469","0.5383","G01-S1-P01-P02-A","G01-S1-P01-P02","A","P01","P02","p2_activation_lead","0.9995","0.0023","","","","0.461912","6.889999999999999","0.0"
"11.011","","0.9167","0.4618","0.6667","0.5877","0.3182","0.0","0.625","0.7203","0.875","1.0","0.4762","1.0","0.7143","0.7917","0.0","0.4545","0.1622","-0.0031","0.4166","","0.5","0.4569","0.4002","0.4662","0.0","0.9555","0.8333","0.7339","0.0468","0.5171","G01-S1-P01-P02-A","G01-S1-P01-P02","A","P01","P02","p2_activation_lead","0.9866","0.0404","","","","0.45604159999999994","5.888999999999999","0.0"
"12.012","1.0","0.9167","0.4416","0.6667","0.5862","0.3182","0.0","0.625","0.7202","0.875","1.0","0.4762","1.0","0.7143","0.7917","0.0","0.4545","0.1634","0.0079","0.4166","","0.5","0.4531","0.4002","0.4678","0.0","0.9286","0.8333","0.7249","0.0472","0.5171","G01-S1-P01-P02-A","G01-S1-P01-P02","A","P01","P02","p2_activation_lead","0.9827","0.0499","","","","0.4570952","4.887999999999998","0.0"
"13.013","0.0","0.9167","0.4197","0.5833","0.5664","0.0","0.0","0.5714","0.6889","0.75","1.0","0.4762","","0.6667","0.8333","","0.3636","0.1882","0.0231","0.3333","","0.0","0.4576","0.3657","0.4454","","0.8761","0.8333","0.691","0.0543","0.6088","G01-S1-P01-P02-A","G01-S1-P01-P02","A","P01","P02","p2_activation_lead","0.7185","0.3989","","","","0.449996","3.8869999999999987","0.0"
"14.014","","0.9167","0.4223","0.5","0.5514","0.0","0.0","0.6667","0.7441","0.8571","1.0","0.5556","","0.6667","0.6429","","0.3636","0.2216","0.0481","0.3333","","0.0","0.453","0.3076","0.4102","","0.7978","0.0","0.6014","0.064","0.585","G01-S1-P01-P02-A","G01-S1-P01-P02","A","P01","P02","high_load_misalignment","0.9993","0.0032","","","","0.32620400000000005","2.8859999999999992","0.0"
"15.015","0.0","0.9167","0.4108","0.4167","0.5514","0.0","","0.6","0.7106","0.7143","1.0","0.0","","0.6","0.7024","","0.2727","0.267","0.0622","0.25","","","0.4677","0.4469","0.4877","","0.7473","0.0","0.5741","0.0771","0.5438","G01-S1-P01-P02-A","G01-S1-P01-P02","A","P01","P02","high_load_misalignment","0.9486","0.1061","","","","0.378788","1.884999999999998","0.0"
"16.016","10.0","0.9167","0.4443","0.4167","0.5142","0.3182","","0.4","0.661","0.5714","1.0","0.0","","0.5","0.8452","","0.1818","0.2348","0.0722","0.1667","","","0.5031","0.4707","0.4836","","0.9194","0.8333","0.6488","0.0678","0.4818","G01-S1-P01-P02-A","G01-S1-P01-P02","A","P01","P02","mixed_transition_2","0.6303","0.3395","","","","0.5355416","0.8840000000000003","0.0"
"17.017","11.0","0.9167","0.4642","0.4167","0.1288","0.3182","","0.4","0.6294","0.5714","0.9966","0.5556","","0.5","0.8452","","0.1818","0.2109","0.0756","0.1667","","","0.4235","0.4707","0.5209","","0.9028","1.0","0.6433","0.0609","0.4818","G01-S1-P01-P02-A","G01-S1-P01-P02","A","P01","P02","mixed_transition_2","0.9843","0.0417","","","","0.5834096","0.11700000000000088","1.0"
"18.018","10.0","0.9167","0.4936","0.4167","0.1168","0.3182","","0.2","0.2389","0.4286","0.0316","0.5556","1.0","0.3333","0.9881","","0.0909","0.1768","0.0622","0.0833","","1.0","0.1937","0.6353","0.7157","","0.6922","1.0","0.5904","0.051","0.4031","G01-S1-P01-P02-A","G01-S1-P01-P02","A","P01","P02","mixed_transition_2","0.9971","0.0101","","","","0.7012111999999999","1.118000000000002","0.0"
"19.019","0.0","0.9167","0.4879","0.3333","0.0788","0.3182","0.0","0.25","0.2363","0.375","0.0316","0.4762","1.0","0.3333","0.9583","0.0","0.0909","0.1651","0.0313","0.0833","","0.5","0.1798","0.355","0.5396","0.0","0.5845","1.0","0.5446","0.0477","0.3265","G01-S1-P01-P02-A","G01-S1-P01-P02","A","P01","P02","mixed_transition_1","0.973","0.0698","","","","0.54322","2.1189999999999998","0.0"
"20.02","10.0","1.0","0.4888","0.3333","0.0842","0.6364","0.0","0.25","0.2324","0.3333","0.0316","0.4167","1.0","0.3333","1.0","0.0","0.0833","0.1537","-0.0122","0.0833","","0.5","0.1803","0.3958","0.5696","0.0","0.4214","1.0","0.5016","0.0444","0.3333","G01-S1-P01-P02-A","G01-S1-P01-P02","A","P01","P02","mixed_transition_1","0.977","0.0606","0.8999312853879049","0.014819984286874643","0.11488869889896969","0.5613","3.120000000000001","0.0"
"21.021","","1.0","0.5066","0.3636","0.0842","0.7","0.0","0.25","0.2346","0.3","0.036","0.3704","1.0","0.3333","0.9364","0.0","0.0833","0.1574","-0.0422","0.0833","","0.5","0.1856","0.3799","0.5562","0.0","0.2446","1.0","0.4214","0.0454","0.3206","G01-S1-P01-P02-A","G01-S1-P01-P02","A","P01","P02","mixed_transition_1","0.9754","0.0634","0.9339238706684381","0.04297564916736135","0.10905177849892334","0.553228","4.121000000000002","0.0"
"22.022","11.0","1.0","0.578","0.4545","0.1314","0.7","0.0","0.4","0.2418","0.3","0.036","0.7407","1.0","0.6667","0.8455","0.0","0.1667","0.1087","-0.0722","0.1667","","0.5","0.1882","0.378","0.554","0.0","0.1315","1.0","0.3812","0.0314","0.4158","G01-S1-P01-P02-A","G01-S1-P01-P02","A","P01","P02","p1_activation_lead","0.9823","0.0522","0.9260253393299553","0.017812417636130617","0.09178707830617527","0.5088248000000001","5.122","0.0"
"23.023","","0.9167","0.6132","0.5","0.1314","0.7778","0.0","0.4","0.2392","0.2727","0.036","0.6667","1.0","0.6667","0.7727","0.0","0.1818","0.114","-0.0824","0.1667","","0.5","0.1948","0.3333","0.5181","0.0","0.111","1.0","0.3552","0.0329","0.4042","G01-S1-P01-P02-A","G01-S1-P01-P02","A","P01","P02","p1_activation_lead","0.9997","0.0015","0.9114875273910117","0.0","0.08851247260898831","0.4868672","6.123000000000001","0.0"
"24.024","","0.9167","0.6591","0.6","0.4281","0.7778","0.0","0.3333","0.2199","0.2","0.0306","0.7407","1.0","1.0","0.6","0.0","0.1818","0.1371","-0.0767","0.1667","","0.5","0.2578","0.2938","0.4669","0.0","0.1314","1.0","0.3044","0.0396","0.423","G01-S1-P01-P02-A","G01-S1-P01-P02","A","P01","P02","p1_activation_lead","1.0","0.0","0.8666639030404907","0.0","0.13333609695950932","0.45614","7.124000000000002","0.0"
"25.025","","0.9167","0.6731","0.6","0.4766","0.7778","0.0","0.3333","0.2219","0.2222","0.03","0.8333","1.0","1.0","0.6222","0.0","0.1818","0.1379","-0.0572","0.1667","","0.5","0.271","0.2988","0.4667","0.0","0.1808","1.0","0.3283","0.0398","0.4275","G01-S1-P01-P02-A","G01-S1-P01-P02","A","P01","P02","p1_activation_lead","1.0","0.0","0.7504840587207522","0.0","0.2495159412792478","0.45602","8.125","0.0"
"26.026","10.0","0.9167","0.6883","0.7","0.4893","1.0","0.0","0.2857","0.2185","0.2","0.03","0.7407","1.0","1.0","0.5","0.0","0.1818","0.1628","-0.0407","0.1667","","0.5","0.2834","0.2708","0.4405","0.0","0.2398","1.0","0.3072","0.047","0.3935","G01-S1-P01-P02-A","G01-S1-P01-P02","A","P01","P02","p1_activation_lead","1.0","0.0","0.5972665244655038","0.0","0.40273347553449623","0.4403","7.683000000000003","0.0"
"27.027","10.0","0.9167","0.7406","0.8","0.58","1.0","0.0","0.25","0.2029","0.2","0.03","0.7407","1.0","1.0","0.4","0.0","0.1818","0.1891","-0.0041","0.1667","","0.5","0.318","0.2479","0.4112","0.0","0.2618","1.0","0.2812","0.0546","0.3664","G01-S1-P01-P02-A","G01-S1-P01-P02","A","P01","P02","p1_activation_lead","1.0","0.0","0.5587549257838197","0.0","0.4412450742161803","0.42272","6.682000000000002","0.0"
"28.028","10.0","0.9167","0.6853","0.8","0.639","0.7778","0.0","0.25","0.2096","0.2","0.0289","0.7407","0.5","1.0","0.4","0.5","0.1818","0.2408","0.0338","0.1667","","0.25","0.3195","0.3052","0.4557","0.5","0.2833","0.8333","0.2884","0.0695","0.4664","G01-S1-P01-P02-A","G01-S1-P01-P02","A","P01","P02","p1_activation_lead","1.0","0.0","0.5094692726740915","0.07352344784459608","0.5640541751705046","0.44942000000000004","5.6810000000000045","0.0"
"29.029","10.0","0.9167","0.5973","0.8","0.637","0.7778","0.0","0.125","0.1973","0.1","0.0291","0.3704","0.5","1.0","0.3","0.5","0.0909","0.2633","0.0646","0.0833","","0.25","0.3176","0.2615","0.4224","0.5","0.3452","0.8333","0.2454","0.076","0.4032","G01-S1-P01-P02-A","G01-S1-P01-P02","A","P01","P02","p1_activation_lead","0.9999","0.0005","0.6891721952610164","0.07617736121124385","0.3870051659502275","0.4294424","4.680000000000003","0.0"
"30.03","10.0","0.9167","0.5817","0.8","0.6649","0.7778","0.0","0.125","0.1951","0.1","0.0279","0.3704","0.5","1.0","0.3","0.5","0.0909","0.2644","0.0931","0.0833","","0.25","0.32","0.2615","0.4216","0.5","0.4762","0.8333","0.289","0.0763","0.4032","G01-S1-P01-P02-A","G01-S1-P01-P02","A","P01","P02","p1_activation_lead","0.9999","0.0004","0.6781469294131499","0.05455568713159231","0.3764087577184424","0.42896239999999997","3.679000000000002","0.0"
"31.031","10.0","0.9167","0.638","0.9","0.6928","0.7778","0.0","0.1111","0.1833","0.1","0.0279","0.3704","0.5","1.0","0.2","0.5","0.0909","0.2851","0.1164","0.0833","","0.25","0.3406","0.2385","0.3966","0.5","0.5884","0.0","0.2931","0.0823","0.3804","G01-S1-P01-P02-A","G01-S1-P01-P02","A","P01","P02","p1_activation_lead","0.9985","0.0057","0.6438272272890194","0.051052922319921756","0.40722569503090233","0.41399600000000003","2.6780000000000044","0.0"
"32.032","10.0","0.9167","0.6687","0.9","0.781","0.3889","0.0","0.1111","0.1757","0.1","0.0254","0.3704","0.0","1.0","0.2","1.0","0.0909","0.3674","0.136","0.0833","","0.0","0.3674","0.2958","0.4326","1.0","0.6187","0.0","0.3032","0.1061","0.4804","G01-S1-P01-P02-A","G01-S1-P01-P02","A","P01","P02","p1_activation_lead","1.0","0.0","0.6063001261990891","0.09445592690735682","0.4881558007082677","0.43555999999999995","1.6770000000000067","0.0"
"33.033","10.0","0.9167","0.7184","0.9091","0.8146","0.35","0.0","0.1","0.1626","0.1","0.0231","0.3704","0.0","1.0","0.1909","1.0","0.0909","0.3785","0.1382","0.0833","","0.0","0.3873","0.2938","0.4242","1.0","0.5457","0.0","0.2758","0.1093","0.4764","G01-S1-P01-P02-A","G01-S1-P01-P02","A","P01","P02","p1_activation_lead","1.0","0.0001","0.5807258201487961","0.20920437092202915","0.628478550773233","0.43052","0.6760000000000019","0.0"
"34.034","10.0","0.9167","0.6776","0.9091","0.6083","0.35","","0.0","0.1499","0.0","0.0231","0.0","0.0","","0.0909","","0.0","0.4079","0.1419","0.0","","0.0","0.6429","0.0278","0.0996","","0.5887","0.0","0.2265","0.1178","0.0303","G01-S1-P01-P02-A","G01-S1-P01-P02","A","P01","P02","low_engagement_reset","1.0","0.0","0.5532049819492438","0.2784703695404399","0.7252653875911961","0.11975999999999999","0.32499999999999574","1.0"
"35.035","11.0","1.0","0.7027","0.9167","0.6083","0.3182","","0.0909","0.1593","0.1","0.0232","0.3704","0.0","1.0","0.1833","","0.0833","0.3479","0.1333","0.0833","","0.0","0.3357","0.0889","0.243","","0.5805","0.0","0.2824","0.1004","0.3394","G01-S1-P01-P02-A","G01-S1-P01-P02","A","P01","P02","low_engagement_reset","0.9877","0.034","0.5331451708537105","0.32525501365558657","0.792109842801876","0.20752199999999998","1.3259999999999934","0.0"
"36.036","10.0","1.0","0.7327","0.9167","0.6083","0.3182","","0.0909","0.1606","0.0909","0.0237","0.3333","0.0","1.0","0.1742","","0.0833","0.3543","0.1227","0.0833","","0.0","0.3431","0.0858","0.2375","","0.5878","0.0","0.2818","0.1023","0.3371","G01-S1-P01-P02-A","G01-S1-P01-P02","A","P01","P02","low_engagement_reset","0.992","0.0239","0.49458675268510877","0.3328687529873521","0.8382820003022433","0.20362","2.326999999999998","0.0"
"37.037","10.0","1.0","0.7474","1.0","0.5224","0.3182","0.0","0.0833","0.1585","0.0833","0.0237","0.303","0.0","1.0","0.0833","1.0","0.0833","0.3838","0.0903","0.0833","","0.0","0.327","0.2917","0.443","1.0","0.5472","0.0","0.2379","0.1108","0.45","G01-S1-P01-P02-A","G01-S1-P01-P02","A","P01","P02","p1_activation_lead","0.9999","0.0005","0.26748895892327623","0.3549279744330296","0.9125609844902467","0.4418024","3.327999999999996","0.0"
"38.038","11.0","1.0","0.7319","1.0","0.4243","0.0","0.0","0.1667","0.2115","0.1667","0.7092","0.6061","","1.0","0.1667","","0.1667","0.3189","0.0508","0.1667","","0.0","0.38","0.1111","0.2625","","0.6248","0.8333","0.3194","0.0921","0.375","G01-S1-P01-P02-A","G01-S1-P01-P02","A","P01","P02","p1_activation_lead","0.7633","0.2812","0.4371150980802747","0.6181176144550005","0.8189974836252742","0.3391808","4.3289999999999935","0.0"
"39.039","11.0","1.0","0.7318","1.0","0.406","0.0","0.0","0.25","0.2533","0.25","0.8024","0.6061","","1.0","0.25","","0.25","0.3021","0.0007","0.25","","0.0","0.3809","0.1667","0.3212","","0.7124","0.8333","0.4041","0.0872","0.4375","G01-S1-P01-P02-A","G01-S1-P01-P02","A","P01","P02","p1_activation_lead","1.0","0.0","0.4047384312139327","0.516984508428079","0.8877539227858537","0.36872","5.329999999999998","0.0"
"40.04","11.0","1.0","0.7485","1.0","0.4286","0.0","0.0","0.3333","0.2962","0.3333","0.8485","0.6061","","1.0","0.3333","","0.3333","0.289","-0.0277","0.3333","","0.0","0.3883","0.2222","0.3687","","0.7496","0.8333","0.4721","0.0834","0.5","G01-S1-P01-P02-A","G01-S1-P01-P02","A","P01","P02","p1_activation_lead","1.0","0.0","0.6067644057362768","0.4631311047056541","0.8563666989693773","0.39722","6.330999999999996","0.0"
"41.041","11.0","1.0","0.7856","1.0","0.486","0.0","0.0","0.4167","0.34","0.4167","0.8862","0.6061","","1.0","0.4167","","0.4167","0.2747","-0.0575","0.4167","","0.0","0.4049","0.2778","0.4066","","0.7793","0.8333","0.5376","0.0793","0.5625","G01-S1-P01-P02-A","G01-S1-P01-P02","A","P01","P02","p1_activation_lead","1.0","0.0","0.8153611776357036","0.5362404329066657","0.7208792552709621","0.41996","7.331999999999994","0.0"
"42.042","11.0","1.0","0.8007","1.0","0.5613","0.0","0.0","0.5","0.4391","0.5","1.0","0.6061","","1.0","0.5","","0.5","0.2717","-0.0832","0.5","","0.0","0.4353","0.3333","0.4339","","0.8865","0.8333","0.6288","0.0784","0.625","G01-S1-P01-P02-A","G01-S1-P01-P02","A","P01","P02","p1_activation_lead","0.9795","0.0517","1.0","0.6049186349641019","0.6049186349641019","0.436832","8.332999999999998","0.0"
"43.043","11.0","1.0","0.7757","1.0","0.6091","0.0","0.0","0.5833","0.6129","0.5833","1.0","0.6061","","1.0","0.5833","","0.5833","0.2868","-0.0777","0.5833","","0.0","0.4468","0.3889","0.4638","","0.9256","0.8333","0.6974","0.0828","0.6875","G01-S1-P01-P02-A","G01-S1-P01-P02","A","P01","P02","p2_activation_lead","1.0","0.0003","1.0","0.6167354250409645","0.6167354250409645","0.45428","9.333999999999996","0.0"
"44.044","","0.9167","0.7405","1.0","0.6289","0.0","0.0","0.5833","0.6571","0.6364","1.0","0.6667","","1.0","0.6364","","0.6364","0.2896","-0.059","0.5834","","0.0","0.4496","0.3889","0.4627","","0.9554","0.8333","0.7427","0.0836","0.714","G01-S1-P01-P02-A","G01-S1-P01-P02","A","P01","P02","p2_activation_lead","1.0","0.0","0.8923463111723531","0.44429943117208265","0.5519531199997296","0.45362","10.334999999999994","0.0"

